marca,categoria,nombre,descripcion,precio_minorista,precio_mayorista,foto,en_stock
Casio,Metal Caballero,MTP-VD03D-2A,"Reloj clásico con malla de acero, resistente al
agua y con calendario.",350000,350000,/relojes/casio-metal-cab/p01_i000.jpg,si
Casio,Metal Caballero,MTP-VD03D-7A,"Reloj clásico con malla de acero, resistente al
agua y con calendario.",350000,350000,/relojes/casio-metal-cab/p01_i001.jpg,si
Casio,Metal Caballero,MTP-VD03D-2A2,"Reloj clásico con malla de acero,
resistente al agua y con calendario.",350000,350000,/relojes/casio-metal-cab/p01_i002.jpg,si
Casio,Metal Caballero,MTP-VD02D-3A1,"Reloj clásico con malla de acero,
resistente al agua y con calendario.",350000,350000,/relojes/casio-metal-cab/p01_i003.jpg,si
Casio,Metal Caballero,MTP-V002D-7E,"Reloj clásico de caballero con caja de
44 mm, correa de acero inoxidable.",340000,340000,/relojes/casio-metal-cab/p02_i004.jpg,si
Casio,Metal Caballero,MTP-V002D-1E,"Reloj clásico de caballero con caja de
44 mm, correa de acero inoxidable.",340000,340000,/relojes/casio-metal-cab/p02_i005.jpg,si
Casio,Metal Caballero,MTP-V002D-2E,"Reloj clásico de caballero con caja de
44 mm, correa de acero inoxidable.",340000,340000,/relojes/casio-metal-cab/p02_i006.jpg,si
Casio,Metal Caballero,MTP-VD02G-9E,"Reloj clásico de caballero con caja
dorada de 48 mm, brazalete metálico
dorado y esfera negra con ventana de
fecha a las 6.",385000,385000,/relojes/casio-metal-cab/p03_i007.jpg,si
Casio,Metal Caballero,MTP-VD02G-1E,"Reloj clásico de caballero con caja
dorada de 48 mm, brazalete metálico
dorado y esfera negra con ventana de
fecha a las 6.",385000,385000,/relojes/casio-metal-cab/p03_i008.jpg,si
Casio,Metal Caballero,MTP-1335D-2A,"Reloj analógico con visualización de la fecha,
resistente al agua, con caja y correa de acero
inoxidable.",340000,340000,/relojes/casio-metal-cab/p04_i010.jpg,si
Casio,Metal Caballero,MTP-VD01D-1E2,"Reloj analógico con visualización de la fecha,
resistente al agua, con caja y correa de acero
inoxidable.",345000,345000,/relojes/casio-metal-cab/p04_i011.jpg,si
Casio,Metal Caballero,MTP-VD01D-3E1,"Reloj analógico con visualización de la fecha,
resistente al agua, con caja y correa de acero
inoxidable.",340000,340000,/relojes/casio-metal-cab/p04_i012.jpg,si
Casio,Metal Caballero,MTP-VD01D-3B,"Reloj analógico con visualización de la fecha,
resistente al agua, con caja y correa de acero
inoxidable.",340000,340000,/relojes/casio-metal-cab/p04_i013.jpg,si
Casio,Metal Caballero,MTP-VD01D-1C,"Reloj analógico con visualización de la fecha,
resistente al agua, con caja y correa de acero
inoxidable.",340000,340000,/relojes/casio-metal-cab/p04_i010.jpg,si
Casio,Metal Caballero,MTP-VD01D-2E,"Reloj analógico con visualización de la fecha,
resistente al agua, con caja y correa de acero
inoxidable.",340000,340000,/relojes/casio-metal-cab/p04_i010.jpg,si
Casio,Metal Caballero,MTP-VD01D-1B,"Reloj clásico de caballero con caja de 49 mm, correa de
acero inoxidable con ventana de fecha.",340000,340000,/relojes/casio-metal-cab/p05_i014.jpg,si
Casio,Metal Caballero,MTP-VD01D-1E,"Reloj clásico de caballero con caja de 49 mm, correa de
acero inoxidable con ventana de fecha.",340000,340000,/relojes/casio-metal-cab/p05_i015.jpg,si
Casio,Metal Caballero,MTP-VD01D-7C,"Reloj clásico de caballero con caja de 49 mm, correa de
acero inoxidable con ventana de fecha.",340000,340000,/relojes/casio-metal-cab/p05_i016.jpg,si
Casio,Metal Caballero,MTP-VT01D-7B,"Reloj clásico de caballero con
caja de 40 mm, brazalete de
acero inoxidable y esfera
blanca y negra minimalista.",315000,315000,/relojes/casio-metal-cab/p06_i017.jpg,si
Casio,Metal Caballero,MTP-VT01D-1B,"Reloj clásico de caballero con
caja de 40 mm, brazalete de
acero inoxidable y esfera
blanca y negra minimalista.",315000,315000,/relojes/casio-metal-cab/p06_i018.jpg,si
Casio,Metal Caballero,MTP-VT01G-7B,"Reloj clásico de caballero con caja dorada de 40 mm,
brazalete metálico dorado y esfera minimalista.",350000,350000,/relojes/casio-metal-cab/p07_i019.jpg,si
Casio,Metal Caballero,MTP-VT01G-2B,"Reloj clásico de caballero con caja dorada de 40 mm,
brazalete metálico dorado y esfera minimalista.",350000,350000,/relojes/casio-metal-cab/p07_i020.jpg,si
Casio,Metal Caballero,MTP-VT01G-1B,"Reloj clásico de caballero con caja dorada de 40 mm,
brazalete metálico dorado y esfera minimalista.",350000,350000,/relojes/casio-metal-cab/p07_i021.jpg,si
Casio,Metal Caballero,MTP-V001D-1B,"Reloj clásico de caballero con
caja de 38 mm, brazalete
metálico y con números
arábigos plateados.",245000,245000,/relojes/casio-metal-cab/p08_i022.jpg,si
Casio,Metal Caballero,MTP-V001D-7B,"Reloj clásico de caballero con
caja de 38 mm, brazalete
metálico y con números
arábigos plateados.",245000,245000,/relojes/casio-metal-cab/p08_i023.jpg,si
Casio,Metal Caballero,MTP-1302D-7B,"Reloj clásico de caballero con
caja de 41 mm, brazalete
metálico y esfera blanca con
ventana de fecha.",455000,455000,/relojes/casio-metal-cab/p09_i024.jpg,si
Casio,Metal Caballero,MTP-1302DS-1A,"Reloj clásico de caballero con
caja de 41 mm, brazalete
metálico y esfera negra con
ventana de fecha.",350000,350000,/relojes/casio-metal-cab/p09_i025.jpg,si
Casio,Metal Caballero,MTP-1335D-7A,"Reloj clásico de caballero con caja de 38 mm,
brazalete metálico, con ventana de día y fecha.",350000,350000,/relojes/casio-metal-cab/p10_i026.jpg,si
Casio,Metal Caballero,MTP-1335D-1A,"Reloj clásico de caballero con caja de 38 mm,
brazalete metálico, con ventana de día y fecha.",350000,350000,/relojes/casio-metal-cab/p10_i027.jpg,si
Casio,Metal Caballero,MTP-1335D-2A,"Reloj clásico de caballero con caja de 38 mm,
brazalete metálico, con ventana de día y fecha.",350000,350000,/relojes/casio-metal-cab/p10_i028.jpg,si
Casio,Metal Caballero,MTP-1335D-1A2,"Reloj clásico de caballero con
caja de 38 mm, brazalete
metálico, con ventana de día y
fecha.",350000,350000,/relojes/casio-metal-cab/p11_i029.jpg,si
Casio,Metal Caballero,MTP-1335D-3A2,"Reloj clásico de caballero con
caja de 38 mm, brazalete
metálico, con ventana de día y
fecha.",350000,350000,/relojes/casio-metal-cab/p11_i030.jpg,si
Casio,Metal Caballero,MTP-V004D-7B,"Reloj clásico con caja de 41 mm,
brazalete metálico y esfera blanca con
números arábigos y ventana de fecha.",315000,315000,/relojes/casio-metal-cab/p12_i032.jpg,si
Casio,Metal Caballero,MTP-V004D-1B,"Reloj clásico con caja de 41 mm,
brazalete metálico y esfera negra con
números arábigos y ventana de fecha.",280000,280000,/relojes/casio-metal-cab/p12_i033.jpg,si
Casio,Metal Caballero,MTP-V004G-9B,"Reloj clásico con caja de 41 mm,
brazalete metálico y esfera blanca con
números arábigos y ventana de fecha.",280000,280000,/relojes/casio-metal-cab/p12_i034.jpg,si
Casio,Metal Caballero,MTP-1381D-1A,"Reloj clásico, con caja dorada de 41 mm,
brazalete metálico bicolor y esfera negra
con ventana de día y fecha.",420000,420000,/relojes/casio-metal-cab/p13_i035.jpg,si
Casio,Metal Caballero,MTP-1381D-7A,"Reloj clásico, con caja de 41 mm, brazalete
metálico y esfera azul con ventana de día y
fecha.",420000,420000,/relojes/casio-metal-cab/p13_i036.jpg,si
Casio,Metal Caballero,MTP-1381D-2A,"Reloj clásico, con caja de 41 mm,
brazalete metálico y esfera blanca con
ventana de día y fecha.",420000,420000,/relojes/casio-metal-cab/p13_i037.jpg,si
Casio,Metal Caballero,MTP-1381G-1A,"Reloj clásico, con caja de 41 mm,
brazalete metálico y esfera negra con
ventana de día y fecha.",420000,420000,/relojes/casio-metal-cab/p13_i038.jpg,si
Casio,Metal Caballero,MTP-B145D-3A,"Reloj analógico, con caja y correa de acero
inoxidable de color dorado, con calendario
y resistente al agua.",420000,420000,/relojes/casio-metal-cab/p14_i039.jpg,si
Casio,Metal Caballero,MTP-B145D-7B,"Reloj analógico con caja y correa de acero
inoxidable color plateado, con calendario y
resistente al agua.",450000,450000,/relojes/casio-metal-cab/p14_i040.jpg,si
Casio,Metal Caballero,MTP-B145D-2A2,"Reloj analógico con caja y correa de acero
inoxidable color plateado, con calendario
y resistente al agua.",420000,420000,/relojes/casio-metal-cab/p14_i041.jpg,si
Casio,Metal Caballero,MTP-B145G-9A,"Reloj analógico con caja y correa de acero
inoxidable color plateado, con calendario
y resistente al agua.",455000,455000,/relojes/casio-metal-cab/p14_i042.jpg,si
Casio,Metal Caballero,MTP-B146D-2AV,"Reloj analógico de diseño clásico y
minimalista, con correa y caja de acero
inoxidable.",490000,490000,/relojes/casio-metal-cab/p15_i043.jpg,si
Casio,Metal Caballero,MTP-B146D-1AV,"Reloj analógico de diseño clásico y
minimalista, con correa y caja de acero
inoxidable.",490000,490000,/relojes/casio-metal-cab/p15_i044.jpg,si
Casio,Metal Caballero,MTP-V002D-7B,"Reloj clásico, con caja de 38 mm,
brazalete metálico y esfera blanca con
números arábigos y ventana de fecha.",280000,280000,/relojes/casio-metal-cab/p16_i045.jpg,si
Casio,Metal Caballero,MTP-1239D-1A,"Reloj clásico, con caja de 38 mm,
brazalete metálico y esfera negra con
números arábigos y ventana de fecha.",335000,335000,/relojes/casio-metal-cab/p16_i046.jpg,si
Casio,Metal Caballero,MTP-VD03D-3A2,"Reloj clásico, con caja de 41 mm,
brazalete metálico y esfera verde con
ventana de fecha.",350000,350000,/relojes/casio-metal-cab/p16_i047.jpg,si
Casio,Metal Caballero,MTP-V004D-2B,"Reloj analógico, con caja y correa de
acero inoxidable de color plateado, con
calendario y resistente a salpicaduras.",280000,280000,/relojes/casio-metal-cab/p17_i048.jpg,si
Casio,Metal Caballero,MTP-V004D-7B2,"Reloj analógico con caja y correa de
acero inoxidable color plateado, con
calendario y resistente a salpicaduras.",280000,280000,/relojes/casio-metal-cab/p17_i049.jpg,si
Casio,Metal Caballero,MTP-V004D-1B2,"Reloj analógico con caja y correa de
acero inoxidable color plateado, con
calendario y resistente a salpicaduras.",280000,280000,/relojes/casio-metal-cab/p17_i050.jpg,si
Casio,Metal Caballero,MTP-V004G-1B,"Reloj analógico con caja y correa de
acero inoxidable color dorado, con
calendario y resistente a salpicaduras.",315000,315000,/relojes/casio-metal-cab/p17_i051.jpg,si
Casio,Metal Caballero,MTP-V005D-7B,"Reloj analógico con caja y correa de
acero inoxidable, con números
romanos que le dan un acabado
sofisticado, resistencia al agua, ideal
para el uso diario.",245000,245000,/relojes/casio-metal-cab/p18_i052.jpg,si
Casio,Metal Caballero,MTP-V005D-1B5,"Reloj analógico con caja y correa de
acero inoxidable, con números
romanos que le dan un acabado
sofisticado, resistencia al agua, ideal
para el uso diario.",245000,245000,/relojes/casio-metal-cab/p18_i053.jpg,si
Casio,Metal Caballero,MTP-V005D-2B5,"Reloj analógico con caja y correa de
acero inoxidable, con números
romanos que le dan un acabado
sofisticado, resistencia al agua, ideal
para el uso diario.",245000,245000,/relojes/casio-metal-cab/p18_i054.jpg,si
Casio,Metal Caballero,MTP-V004D-2B,"Reloj analógico de diseño elegante,
con correa de acero inoxidable color
negro, numeración romana y
resistente al agua.",300000,300000,/relojes/casio-metal-cab/p19_i056.jpg,si
Casio,Metal Caballero,MTP-V004D-1B2,"Reloj analógico de diseño elegante,
con correa de acero inoxidable color
negro, numeración romana y
resistente al agua.",300000,300000,/relojes/casio-metal-cab/p19_i057.jpg,si
Casio,Metal Caballero,MTP-VT01B-2B,"Reloj analógico de diseño elegante, con
correa de acero inoxidable color negro,
numeración romana y resistente al agua.",300000,300000,/relojes/casio-metal-cab/p19_i058.jpg,si
Casio,Metal Caballero,MTP-VD03B-1B,"Reloj analógico con diseño clásico y elegante, ideal
para el uso diario.",375000,375000,/relojes/casio-metal-cab/p20_i060.jpg,si
Casio,Metal Caballero,MTP-VD03B-3A,"Reloj analógico con diseño clásico y elegante, ideal
para el uso diario.",375000,375000,/relojes/casio-metal-cab/p20_i061.jpg,si
Casio,Metal Caballero,MTP-VD03B-2A,"Reloj analógico con diseño clásico y elegante, ideal
para el uso diario.",375000,375000,/relojes/casio-metal-cab/p20_i062.jpg,si
Casio,Metal Caballero,MTP-VD03G-2A,"Reloj analógico con diseño clásico y elegante, ideal
para el uso diario.",375000,375000,/relojes/casio-metal-cab/p20_i063.jpg,si
Casio,Metal Caballero,MTP-VT04D-7E,"Reloj analógico de diseño
minimalista y clásico, con caja y
correa de acero inoxidable,
resistente al agua.",315000,315000,/relojes/casio-metal-cab/p21_i064.jpg,si
Casio,Metal Caballero,MTP-VT01D-1E,"Reloj analógico de diseño
minimalista y clásico, con caja y
correa de acero inoxidable,
resistente al agua.",340000,340000,/relojes/casio-metal-cab/p21_i065.jpg,si
Casio,Metal Caballero,MTP-VT04D-8E,"Reloj analógico de diseño
minimalista y clásico, con caja y
correa de acero inoxidable,
resistente al agua.",315000,315000,/relojes/casio-metal-cab/p21_i066.jpg,si
Casio,Metal Caballero,MTP-1314D-7A,"Reloj analógico de diseño clásico y
elegante, con caja y correa de acero
inoxidable y revestimiento iónico.",315000,315000,/relojes/casio-metal-cab/p22_i068.jpg,si
Casio,Metal Caballero,MTP-1314D-1A,"Reloj analógico de diseño clásico y
elegante, con caja y correa de acero
inoxidable y revestimiento iónico.",385000,385000,/relojes/casio-metal-cab/p22_i069.jpg,si
Casio,Metal Caballero,MTP-1314SG-1A,"Reloj analógico de diseño clásico y elegante, con caja y correa de acero
inoxidable en tonos plateado y dorado, con revestimiento iónico.",315000,315000,/relojes/casio-metal-cab/p22_i070.jpg,si
Casio,Metal Caballero,MTP-1308D-1A,,315000,315000,/relojes/casio-metal-cab/p23_i071.jpg,si
Casio,Metal Caballero,MTP-1308D-2A,,325000,325000,/relojes/casio-metal-cab/p23_i072.jpg,si
Casio,Metal Caballero,MTP-V006D-1B2,,280000,280000,/relojes/casio-metal-cab/p24_i073.jpg,si
Casio,Metal Caballero,MTP-V006D-2B2,,280000,280000,/relojes/casio-metal-cab/p24_i074.jpg,si
Casio,Metal Caballero,MTP-V006D-7B,,280000,280000,/relojes/casio-metal-cab/p25_i075.jpg,si
Casio,Metal Caballero,MTP-V006D-1B,,280000,280000,/relojes/casio-metal-cab/p25_i076.jpg,si
Casio,Metal Caballero,MTP-VD01G-1B,"Reloj analógico con diseño elegante y casual,
movimiento de cuarzo japonés.",385000,385000,/relojes/casio-metal-cab/p26_i077.jpg,si
Casio,Metal Caballero,MTP-VD01G-1C,"Reloj analógico con diseño elegante y casual,
movimiento de cuarzo japonés.",385000,385000,/relojes/casio-metal-cab/p26_i078.jpg,si
Casio,Metal Caballero,MTP-VD01G-9E,"Reloj analógico con diseño elegante y casual,
movimiento de cuarzo japonés.",385000,385000,/relojes/casio-metal-cab/p26_i079.jpg,si
Casio,Metal Caballero,MTP-VD01SG-1B,"Reloj analógico con diseño elegante y casual,
movimiento de cuarzo japonés.",385000,385000,/relojes/casio-metal-cab/p26_i080.jpg,si
Casio,Metal Caballero,MTP-E340D-7A,"Reloj analógico de diseño sofisticado, con
caja y correa de acero inoxidable.",525000,525000,/relojes/casio-metal-cab/p27_i081.jpg,si
Casio,Metal Caballero,MTP-E340D-1A,"Reloj analógico de diseño sofisticado, con
caja y correa de acero inoxidable.",525000,525000,/relojes/casio-metal-cab/p27_i082.jpg,si
Casio,Metal Caballero,MTP-E340D-2A,"Reloj analógico de diseño sofisticado, con
caja y correa de acero inoxidable.",525000,525000,/relojes/casio-metal-cab/p27_i083.jpg,si
Casio,Metal Caballero,MTP-VD300D-7E,"Reloj analógico, caja y correa de acero
inoxidable con cristal mineral, indicadores
de fecha, día de la semana y formato de 24
horas a través de tres subdiales, resistente
al agua.",410000,410000,/relojes/casio-metal-cab/p28_i084.jpg,si
Casio,Metal Caballero,MTP-VD300D-2E,"Reloj analógico, caja y correa de acero
inoxidable con cristal mineral, indicadores
de fecha, día de la semana y formato de 24
horas a través de tres subdiales, resistente
al agua.",410000,410000,/relojes/casio-metal-cab/p28_i085.jpg,si
Casio,Metal Caballero,MTP-VD300G-1E,"Reloj analógico, caja y correa de acero inoxidable
con cristal mineral, indicadores de fecha, día de la
semana y formato de 24 horas a través de tres
subdiales, resistente al agua.",410000,410000,/relojes/casio-metal-cab/p28_i086.jpg,si
Casio,Metal Caballero,MTD-135D-1A,"Reloj analógico de diseño elegante y versátil,
con caja de acero inoxidable y bisel de
aluminio.",600000,600000,/relojes/casio-metal-cab/p29_i087.jpg,si
Casio,Metal Caballero,MTD-135D-7A,"Reloj analógico de diseño elegante y versátil,
con caja de acero inoxidable y bisel de
aluminio.",600000,600000,/relojes/casio-metal-cab/p29_i088.jpg,si
Casio,Metal Caballero,MTD-135D-2A,"Reloj analógico de diseño elegante y versátil,
con caja de acero inoxidable y bisel de
aluminio.",600000,600000,/relojes/casio-metal-cab/p29_i089.jpg,si
Casio,Metal Caballero,MTD-135D-3A,"Reloj analógico de diseño elegante y versátil,
con caja de acero inoxidable y bisel de
aluminio.",600000,600000,/relojes/casio-metal-cab/p29_i090.jpg,si
Casio,Metal Caballero,MTP-1374D-1A3,"Reloj analógico de movimiento de cuarzo
japonés, con caja y correa de acero inoxidable
con baño de iones y cristal mineral resistente a
rayaduras.",490000,490000,/relojes/casio-metal-cab/p30_i091.jpg,si
Casio,Metal Caballero,MTP-1374SG-7A,"Reloj analógico de movimiento de cuarzo japonés,
con caja y correa de acero inoxidable con baño de
iones y cristal mineral resistente a rayaduras.",510000,510000,/relojes/casio-metal-cab/p30_i092.jpg,si
Casio,Metal Caballero,MTP-1374D-1A,"Reloj analógico de movimiento de cuarzo
japonés, con caja y correa de acero inoxidable
con baño de iones y cristal mineral resistente a
rayaduras.",490000,490000,/relojes/casio-metal-cab/p30_i093.jpg,si
Casio,Metal Caballero,MTP-1374D-2A3,"Reloj analógico de movimiento de cuarzo
japonés, con caja y correa de acero inoxidable
con baño de iones y cristal mineral resistente a
rayaduras.",490000,490000,/relojes/casio-metal-cab/p30_i094.jpg,si
Casio,Metal Caballero,MTP-1335D-2A,"Reloj analógico y digital de diseño vintage,
con caja de resina cromada y correa de
acero inoxidable.",350000,350000,/relojes/casio-metal-cab/p31_i095.jpg,si
Casio,Metal Caballero,AQ-230A-1D,"Reloj analógico y digital de diseño vintage,
con caja de resina cromada y correa de
acero inoxidable.",350000,350000,/relojes/casio-metal-cab/p31_i096.jpg,si
Casio,Metal Caballero,AQ-230A-9A,"Reloj analógico y digital de diseño
vintage, con caja de resina cromada y
correa de acero inoxidable.",350000,350000,/relojes/casio-metal-cab/p31_i097.jpg,si
Casio,Metal Caballero,AQ-230-2A1,"Reloj analógico y digital de diseño vintage, con
caja de resina cromada y correa de acero
inoxidable.",350000,350000,/relojes/casio-metal-cab/p31_i098.jpg,si
Casio,Metal Caballero,AQ-230A-7A,"Reloj analógico y digital de diseño vintage, con caja de
resina cromada y correa de acero inoxidable.",350000,350000,/relojes/casio-metal-cab/p31_i095.jpg,si
Casio,Metal Caballero,AQ-230-2A2,"Reloj analógico y digital de diseño vintage,
con caja de resina cromada y correa de
acero inoxidable.",350000,350000,/relojes/casio-metal-cab/p31_i095.jpg,si
Casio,Metal Caballero,AQ-230GA-9B,"Reloj retro de caballero con caja
rectangular dorada de 27 mm, brazalete
metálico dorado y doble visualización
analógica-digital.",420000,420000,/relojes/casio-metal-cab/p32_i099.jpg,si
Casio,Metal Caballero,AQ-230GA-9A,"Reloj retro de caballero con caja
rectangular dorada de 27 mm, brazalete
metálico dorado y doble visualización
analógica-digital.",420000,420000,/relojes/casio-metal-cab/p32_i100.jpg,si
Casio,Metal Caballero,AMW-870DA-2A2,"Reloj de caballero analógico-
digital con caja de 44 mm,
brazalete metálico y esfera
azul degradada.",560000,560000,/relojes/casio-metal-cab/p36_i107.jpg,si
Casio,Metal Caballero,MTP-E515D-1A,"Reloj de caballero con caja de
41 mm, brazalete metálico y
esfera negra con cronógrafo y
ventana de fecha.",630000,630000,/relojes/casio-metal-cab/p37_i109.jpg,si
Casio,Metal Dama,LTP-VT01D-1B,"Reloj de dama analógico con
caja de acero inoxidable de
34 mm, brazalete metálico
plateado y esfera fina.",315000,315000,/relojes/casio-metal-dama/p01_i000.jpg,si
Casio,Metal Dama,LTP-VT01D-4B,"Reloj de dama analógico con
caja de acero inoxidable de
34 mm, brazalete metálico
plateado y esfera fina.",315000,315000,/relojes/casio-metal-dama/p01_i001.jpg,si
Casio,Metal Dama,LTP-V002D-1A,"Reloj de dama analógico con
caja y brazalete de acero
inoxidable de 28 mm,
calendario de fecha y
resistencia al agua para uso
diario.",280000,280000,/relojes/casio-metal-dama/p02_i002.jpg,si
Casio,Metal Dama,LTP-V002D-7B3,"Reloj de dama analógico con
caja y brazalete de acero
inoxidable de 28 mm,
calendario de fecha y
resistencia al agua para uso
diario.",280000,280000,/relojes/casio-metal-dama/p02_i003.jpg,si
Casio,Metal Dama,LTP-V005D-1B,"El Casio LTP-V005D-1B es un
reloj femenino de cuarzo con caja
y brazalete de acero inoxidable,
esfera negra con marcadores
plateados y fecha, cristal mineral,
tres agujas, elegante, ligero y
resistente al agua para uso diario.",340000,340000,/relojes/casio-metal-dama/p03_i004.jpg,si
Casio,Metal Dama,LTP-V005D-4B,"El Casio LTP-V005D-4B es un
reloj femenino de cuarzo con caja
y brazalete de acero inoxidable,
esfera rosada con marcadores
plateados y fecha, cristal mineral,
tres agujas, elegante, ligero y
resistente al agua para uso diario.",340000,340000,/relojes/casio-metal-dama/p03_i005.jpg,si
Casio,Metal Dama,LTP-V005D-1B,"El Casio LTP-V005D-1B es un
reloj femenino de cuarzo con caja
y brazalete de acero inoxidable,
esfera negra con marcadores
plateados y fecha, cristal mineral,
tres agujas, elegante, ligero y
resistente al agua para uso diario.",340000,340000,/relojes/casio-metal-dama/p03_i006.jpg,si
Casio,Metal Dama,LTP-V005D-4B,"El Casio LTP-V005D-1B es un
reloj femenino de cuarzo con caja
y brazalete de acero inoxidable,
esfera negra con marcadores
plateados y fecha, cristal mineral,
tres agujas, elegante, ligero y
resistente al agua para uso diario.",340000,340000,/relojes/casio-metal-dama/p03_i004.jpg,si
Casio,Metal Dama,LTP-V009D-1E,,340000,340000,/relojes/casio-metal-dama/p04_i007.jpg,si
Casio,Metal Dama,LTP-V009D-7E,,340000,340000,/relojes/casio-metal-dama/p04_i008.jpg,si
Casio,Metal Dama,LTP-V009D-4E,,340000,340000,/relojes/casio-metal-dama/p04_i009.jpg,si
Casio,Metal Dama,MDV-10D-1A1,"El Casio MDV-10D-1A1 es un reloj
femenino de cuarzo con caja y
brazalete de acero inoxidable,
esfera negra con marcadores
plateados y fecha, cristal mineral,
bisel fijo, tres agujas, elegante,
resistente y preparado para uso
diario.",455000,455000,/relojes/casio-metal-dama/p05_i010.jpg,si
Casio,Metal Dama,MDV-10D-2A1,"El Casio MDV-10D-2A1 es un reloj
femenino de cuarzo con caja y
brazalete de acero inoxidable,
esfera azul con marcadores
plateados y fecha, cristal mineral,
bisel fijo, tres agujas, elegante,
resistente y preparado para uso
diario.",455000,455000,/relojes/casio-metal-dama/p05_i011.jpg,si
Casio,Metal Dama,MDV-10D-1A1,"El Casio MDV-10D-1A1 es un reloj
femenino de cuarzo con caja y
brazalete de acero inoxidable,
esfera negra con marcadores
plateados y fecha, cristal mineral,
bisel fijo, tres agujas, elegante,
resistente y preparado para uso
diario.",455000,455000,/relojes/casio-metal-dama/p05_i010.jpg,si
Casio,Metal Dama,MDV-10D-2A1,"El Casio MDV-10D-1A1 es un reloj
femenino de cuarzo con caja y
brazalete de acero inoxidable,
esfera negra con marcadores
plateados y fecha, cristal mineral,
bisel fijo, tres agujas, elegante,
resistente y preparado para uso
diario.",455000,455000,/relojes/casio-metal-dama/p05_i010.jpg,si
Casio,Metal Dama,LTP-1335D-7A,"El Casio LTP-1335D-7A es un
reloj femenino de cuarzo con caja
y brazalete de acero inoxidable,
esfera blanca con marcadores
plateados y ventana de fecha,
cristal mineral, tres agujas, diseño
elegante y resistente al agua para
uso diario.",375000,375000,/relojes/casio-metal-dama/p06_i012.jpg,si
Casio,Metal Dama,LTP-1335D-4AV,"El Casio LTP-1335D-4AV es un
reloj femenino de cuarzo con caja
y brazalete de acero inoxidable,
esfera rosada con marcadores
plateados y ventana de fecha,
cristal mineral, tres agujas,
elegante, ligero y resistente al
agua para uso diario.",375000,375000,/relojes/casio-metal-dama/p06_i013.jpg,si
Casio,Metal Dama,LTP-1335D-7A,"El Casio LTP-1335D-7A es un
reloj femenino de cuarzo con caja
y brazalete de acero inoxidable,
esfera blanca con marcadores
plateados y ventana de fecha,
cristal mineral, tres agujas, diseño
elegante y resistente al agua para
uso diario.",375000,375000,/relojes/casio-metal-dama/p06_i014.jpg,si
Casio,Metal Dama,LTP-1335D-4AV,"El Casio LTP-1335D-7A es un
reloj femenino de cuarzo con caja
y brazalete de acero inoxidable,
esfera blanca con marcadores
plateados y ventana de fecha,
cristal mineral, tres agujas, diseño
elegante y resistente al agua para
uso diario.",375000,375000,/relojes/casio-metal-dama/p06_i012.jpg,si
Casio,Metal Dama,LTP-V002D-2B,"El Casio LTP-V002D-2B es un
reloj femenino de cuarzo con caja
y brazalete de acero inoxidable,
esfera azul con números grandes
y ventana de fecha, cristal
mineral, tres agujas, elegante,
ligero y resistente al agua para
uso diario.",280000,280000,/relojes/casio-metal-dama/p07_i015.jpg,si
Casio,Metal Dama,LTP-V002D-1B,"El Casio LTP-V002D-1B es un
reloj femenino de cuarzo con caja
y brazalete de acero inoxidable,
esfera negra con números
grandes y ventana de fecha,
cristal mineral, tres agujas,
elegante, ligero y resistente al
agua para uso diario.",280000,280000,/relojes/casio-metal-dama/p07_i016.jpg,si
Casio,Metal Dama,LTP-V002D-2B,"El Casio LTP-V002D-2B es un
reloj femenino de cuarzo con caja
y brazalete de acero inoxidable,
esfera azul con números grandes
y ventana de fecha, cristal
mineral, tres agujas, elegante,
ligero y resistente al agua para
uso diario.",280000,280000,/relojes/casio-metal-dama/p07_i017.jpg,si
Casio,Metal Dama,LTP-V002D-1B,"El Casio LTP-V002D-2B es un
reloj femenino de cuarzo con caja
y brazalete de acero inoxidable,
esfera azul con números grandes
y ventana de fecha, cristal
mineral, tres agujas, elegante,
ligero y resistente al agua para
uso diario.",280000,280000,/relojes/casio-metal-dama/p07_i015.jpg,si
Casio,Metal Dama,LTP-V006D-4B,,315000,315000,/relojes/casio-metal-dama/p08_i018.jpg,si
Casio,Metal Dama,LTP-V006D-2B,,315000,315000,/relojes/casio-metal-dama/p08_i019.jpg,si
Casio,Metal Dama,LTP-V006D-7B,,315000,315000,/relojes/casio-metal-dama/p08_i020.jpg,si
Casio,Metal Dama,LTP-V006D-1B,,315000,315000,/relojes/casio-metal-dama/p08_i021.jpg,si
Casio,Metal Dama,LTP-1314D-5A,,315000,315000,/relojes/casio-metal-dama/p09_i022.jpg,si
Casio,Metal Dama,LTP-1314SG-1A,,385000,385000,/relojes/casio-metal-dama/p09_i023.jpg,si
Casio,Metal Dama,LTP-V300D-7A,,385000,385000,/relojes/casio-metal-dama/p10_i024.jpg,si
Casio,Metal Dama,LTP-2085D-7A,,385000,385000,/relojes/casio-metal-dama/p10_i025.jpg,si
Casio,Metal Dama,LTP-V300D-7A,,385000,385000,/relojes/casio-metal-dama/p10_i026.jpg,si
Casio,Metal Dama,LTP-V300D-1A2,,410000,410000,/relojes/casio-metal-dama/p10_i027.jpg,si
Casio,Metal Dama,LA670WGA-9,"El Casio LA670WGA-9 es un
reloj femenino digital con caja y
brazalete de acero inoxidable
dorado, pantalla LCD con fondo
dorado, funciones clásicas
como cronómetro, alarma diaria
y calendario automático, diseño
retro compacto, ligero y
resistente al agua para uso
diario.",350000,350000,/relojes/casio-metal-dama/p11_i028.jpg,si
Casio,Metal Dama,LA670WGA-1,"El Casio LA670WGA-1 es un
reloj femenino digital con caja y
brazalete de acero inoxidable
dorado, pantalla LCD con fondo
negro, funciones clásicas como
cronómetro, alarma diaria y
calendario automático, diseño
retro compacto, ligero y
resistente al agua para uso
diario.",350000,350000,/relojes/casio-metal-dama/p11_i029.jpg,si
Casio,Metal Dama,LA670WGA-9,"El Casio LA670WGA-9 es un
reloj femenino digital con caja y
brazalete de acero inoxidable
dorado, pantalla LCD con fondo
dorado, funciones clásicas
como cronómetro, alarma diaria
y calendario automático, diseño
retro compacto, ligero y
resistente al agua para uso
diario.",350000,350000,/relojes/casio-metal-dama/p11_i030.jpg,si
Casio,Metal Dama,LA670WGA-1,"El Casio LA670WGA-9 es un
reloj femenino digital con caja y
brazalete de acero inoxidable
dorado, pantalla LCD con fondo
dorado, funciones clásicas
como cronómetro, alarma diaria
y calendario automático, diseño
retro compacto, ligero y
resistente al agua para uso
diario.",350000,350000,/relojes/casio-metal-dama/p11_i028.jpg,si
Casio,Metal Dama,LA670WA-1,"El Casio LA670WA-2 es
un reloj femenino digital
con caja y brazalete de
acero inoxidable
plateado, pantalla LCD
con fondo azul,
funciones clásicas como
cronómetro, alarma
diaria y calendario
automático, diseño retro
compacto, ligero y
resistente al agua para
uso diario.",280000,280000,/relojes/casio-metal-dama/p12_i031.jpg,si
Casio,Metal Dama,LA670WA-7,"El Casio LA670WA-7D es un reloj femenino digital con caja y
brazalete de acero inoxidable plateado, pantalla LCD con fondo
claro invertido, funciones clásicas como cronómetro, alarma diaria y
calendario automático, diseño retro compacto, ligero y resistente al
agua para uso diario.",300000,300000,/relojes/casio-metal-dama/p12_i032.jpg,si
Casio,Metal Dama,LA670WA-7D,"El Casio LA670WA-1D es un reloj femenino digital con caja y
brazalete de acero inoxidable plateado, pantalla LCD con fondo
negro invertido, funciones clásicas como cronómetro, alarma
diaria y calendario automático, diseño retro compacto, ligero y
resistente al agua para uso diario.",280000,280000,/relojes/casio-metal-dama/p12_i033.jpg,si
Casio,Metal Dama,LA670WA-1D,"El Casio LA670WA-7 es un
reloj femenino digital con
caja y brazalete de acero
inoxidable plateado,
pantalla LCD con fondo
claro, funciones clásicas
como cronómetro, alarma
diaria y calendario
automático, diseño retro
compacto, ligero y
resistente al agua para uso
diario.",280000,280000,/relojes/casio-metal-dama/p12_i034.jpg,si
Casio,Metal Dama,LA670WA-2,"El Casio LA670WA-1 es
un reloj femenino digital
con caja y brazalete de
acero inoxidable plateado,
pantalla LCD con fondo
negro, funciones clásicas
como cronómetro, alarma
diaria y calendario
automático, diseño retro
compacto, ligero y
resistente al agua para
uso diario.",280000,280000,/relojes/casio-metal-dama/p12_i031.jpg,si
Casio,Metal Dama,LA670WA-2,"El Casio LA670WA-2 es
un reloj femenino digital
con caja y brazalete de
acero inoxidable
plateado, pantalla LCD
con fondo azul,
funciones clásicas como
cronómetro, alarma
diaria y calendario
automático, diseño retro
compacto, ligero y
resistente al agua para
uso diario.",280000,280000,/relojes/casio-metal-dama/p12_i031.jpg,si
Casio,Metal Dama,LA670WA-7D,"El Casio LA670WA-2 es
un reloj femenino digital
con caja y brazalete de
acero inoxidable
plateado, pantalla LCD
con fondo azul,
funciones clásicas como
cronómetro, alarma
diaria y calendario
automático, diseño retro
compacto, ligero y
resistente al agua para
uso diario.",280000,280000,/relojes/casio-metal-dama/p12_i031.jpg,si
Casio,Metal Dama,LA670WA-1D,"El Casio LA670WA-2 es
un reloj femenino digital
con caja y brazalete de
acero inoxidable
plateado, pantalla LCD
con fondo azul,
funciones clásicas como
cronómetro, alarma
diaria y calendario
automático, diseño retro
compacto, ligero y
resistente al agua para
uso diario.",280000,280000,/relojes/casio-metal-dama/p12_i031.jpg,si
Casio,Metal Dama,LA670WA-7,"El Casio LA670WA-2 es
un reloj femenino digital
con caja y brazalete de
acero inoxidable
plateado, pantalla LCD
con fondo azul,
funciones clásicas como
cronómetro, alarma
diaria y calendario
automático, diseño retro
compacto, ligero y
resistente al agua para
uso diario.",280000,280000,/relojes/casio-metal-dama/p12_i031.jpg,si
Casio,Metal Dama,LA670WA-1,"El Casio LA670WA-2 es
un reloj femenino digital
con caja y brazalete de
acero inoxidable
plateado, pantalla LCD
con fondo azul,
funciones clásicas como
cronómetro, alarma
diaria y calendario
automático, diseño retro
compacto, ligero y
resistente al agua para
uso diario.",280000,280000,/relojes/casio-metal-dama/p12_i031.jpg,si
Casio,Metal Dama,LTP-V002G-7B,,335000,335000,/relojes/casio-metal-dama/p14_i039.jpg,si
Casio,Metal Dama,LTP-V002G-9B3,,340000,340000,/relojes/casio-metal-dama/p14_i040.jpg,si
Casio,Metal Dama,LTP-1130N-7B,,340000,340000,/relojes/casio-metal-dama/p14_i041.jpg,si
Casio,Metal Dama,LTP-1129N-7A,"El Casio LTP-1129N-7A es
un reloj femenino analógico
con caja y correa de acero
inoxidable dorado, esfera
blanca sencilla con
números grandes, cristal
mineral y resistencia al
agua de 30 m.",385000,385000,/relojes/casio-metal-dama/p15_i043.jpg,si
Casio,Metal Dama,LTP-1275G-9A,"El Casio LTP-1275G-9A es
un reloj femenino analógico
con caja y correa de acero
inoxidable dorado, esfera
dorada sencilla con
números grandes, cristal
mineral y resistencia al
agua de 30 m.",375000,375000,/relojes/casio-metal-dama/p15_i044.jpg,si
Casio,Metal Dama,LTP-1129N-7A,"El Casio LTP-1129N-7A es
un reloj femenino analógico
con caja y correa de acero
inoxidable dorado, esfera
blanca sencilla con
números grandes, cristal
mineral y resistencia al
agua de 30 m.",385000,385000,/relojes/casio-metal-dama/p15_i045.jpg,si
Casio,Metal Dama,LTP-1275G-9A,"El Casio LTP-1129N-7A es
un reloj femenino analógico
con caja y correa de acero
inoxidable dorado, esfera
blanca sencilla con
números grandes, cristal
mineral y resistencia al
agua de 30 m.",385000,385000,/relojes/casio-metal-dama/p15_i043.jpg,si
Casio,Metal Dama,LTP-V007SG-9B,"El Casio LTP-V007SG-9B es un
reloj femenino analógico con
caja y correa de acero
inoxidable bicolor plateado y
dorado, esfera dorada con
números romanos, cristal
mineral y resistencia al agua de
30 m.",315000,315000,/relojes/casio-metal-dama/p16_i046.jpg,si
Casio,Metal Dama,LTP-1235SG-7A,"El Casio LTP-1235SG-7A es un
reloj femenino analógico con
caja rectangular y correa de
acero inoxidable bicolor
plateado y dorado, esfera
blanca con números romanos,
cristal mineral y resistencia al
agua de 30 m.",375000,375000,/relojes/casio-metal-dama/p16_i047.jpg,si
Casio,Metal Dama,LTP-V007SG-9B,"El Casio LTP-V007SG-9B es un
reloj femenino analógico con
caja y correa de acero
inoxidable bicolor plateado y
dorado, esfera dorada con
números romanos, cristal
mineral y resistencia al agua de
30 m.",315000,315000,/relojes/casio-metal-dama/p16_i048.jpg,si
Casio,Metal Dama,LTP-1235SG-7A,"El Casio LTP-V007SG-9B es un
reloj femenino analógico con
caja y correa de acero
inoxidable bicolor plateado y
dorado, esfera dorada con
números romanos, cristal
mineral y resistencia al agua de
30 m.",315000,315000,/relojes/casio-metal-dama/p16_i046.jpg,si
Casio,Metal Dama,LTP-V006SG-9B,"El Casio LTP-V006SG-9B es un
reloj femenino analógico de acero
inoxidable bicolor plateado y
dorado, con esfera dorada,
números romanos, calendario de
fecha, cristal mineral y resistencia
al agua de 30 m.",340000,340000,/relojes/casio-metal-dama/p17_i049.jpg,si
Casio,Metal Dama,LTP-V005SG-7A,"El Casio LTP-V005SG-7A es un
reloj femenino analógico de acero
inoxidable bicolor plateado y
dorado, con esfera blanca, cristal
mineral y resistencia al agua de 30
m.",315000,315000,/relojes/casio-metal-dama/p17_i050.jpg,si
Casio,Metal Dama,LTP-V005SG-7A,"El Casio LTP-V006SG-9B es un
reloj femenino analógico de acero
inoxidable bicolor plateado y
dorado, con esfera dorada,
números romanos, calendario de
fecha, cristal mineral y resistencia
al agua de 30 m.",340000,340000,/relojes/casio-metal-dama/p17_i051.jpg,si
Casio,Metal Dama,LTP-V006SG-9B,"El Casio LTP-V006SG-9B es un
reloj femenino analógico de acero
inoxidable bicolor plateado y
dorado, con esfera dorada,
números romanos, calendario de
fecha, cristal mineral y resistencia
al agua de 30 m.",340000,340000,/relojes/casio-metal-dama/p17_i049.jpg,si
Casio,Metal Dama,LTP-V007G-9E,"El Casio LTP-V007G-9E es un
reloj femenino analógico de
acero inoxidable dorado, con
esfera dorada, números
romanos, cristal mineral y
resistencia al agua de 30 m.",350000,350000,/relojes/casio-metal-dama/p18_i052.jpg,si
Casio,Metal Dama,LTP-V007G-9B,"El Casio LTP-V007G-9B es un
reloj femenino analógico de
acero inoxidable dorado, con
esfera dorada, números
romanos, cristal mineral y
resistencia al agua de 30 m.",350000,350000,/relojes/casio-metal-dama/p18_i053.jpg,si
Casio,Metal Dama,LTP-V007G-9B,"El Casio LTP-V007G-9E es un
reloj femenino analógico de
acero inoxidable dorado, con
esfera dorada, números
romanos, cristal mineral y
resistencia al agua de 30 m.",350000,350000,/relojes/casio-metal-dama/p18_i052.jpg,si
Casio,Metal Dama,LTP-V007G-9E,"El Casio LTP-V007G-9E es un
reloj femenino analógico de
acero inoxidable dorado, con
esfera dorada, números
romanos, cristal mineral y
resistencia al agua de 30 m.",350000,350000,/relojes/casio-metal-dama/p18_i052.jpg,si
Casio,Metal Dama,LTP-V005G-9A,,315000,315000,/relojes/casio-metal-dama/p19_i054.jpg,si
Casio,Metal Dama,LTP-V005G-7A,,315000,315000,/relojes/casio-metal-dama/p19_i055.jpg,si
Casio,Metal Dama,LTP-V300G-9A,,420000,420000,/relojes/casio-metal-dama/p20_i056.jpg,si
Casio,Metal Dama,LTP-V300G-1A,,420000,420000,/relojes/casio-metal-dama/p20_i057.jpg,si
Casio,Metal Dama,LTP-V004G-9B,,315000,315000,/relojes/casio-metal-dama/p21_i059.jpg,si
Casio,Metal Dama,LTP-V004G-7B,,315000,315000,/relojes/casio-metal-dama/p21_i060.jpg,si
Casio,Metal Dama,LTP-1169D-1A,,300000,300000,/relojes/casio-metal-dama/p22_i061.jpg,si
Casio,Metal Dama,LTP-1169N-7A,,335000,335000,/relojes/casio-metal-dama/p22_i062.jpg,si
Casio,Metal Dama,LTP-V005G-1B,,315000,315000,/relojes/casio-metal-dama/p23_i064.jpg,si
Casio,Metal Dama,LTP-V005G-7B,,315000,315000,/relojes/casio-metal-dama/p23_i065.jpg,si
Casio,Cuero Caballero,MTP-1314L-7A,"Reloj analógico de estilo clásico
con caja de acero inoxidable y
correa de cuero marrón.",315000,315000,/relojes/casio-cuero-cab/p01_i000.jpg,si
Casio,Cuero Caballero,MTP-1314L-8A,"Reloj analógico de estilo clásico con
caja de acero inoxidable y correa de
cuero negra.",315000,315000,/relojes/casio-cuero-cab/p01_i001.jpg,si
Casio,Cuero Caballero,MTP-1374L-7A,"Reloj analógico de estilo deportivo
con caja de acero inoxidable y
correa de cuero marrón.",420000,420000,/relojes/casio-cuero-cab/p02_i002.jpg,si
Casio,Cuero Caballero,MTP-1374L-7A1,"Reloj analógico de estilo deportivo
con caja de acero inoxidable y
correa de cuero marrón.",420000,420000,/relojes/casio-cuero-cab/p02_i003.jpg,si
Casio,Cuero Caballero,MTP-VD02L-7E,"Reloj analógico de estilo clásico
con caja de acero inoxidable y
correa de cuero negra.",295000,295000,/relojes/casio-cuero-cab/p03_i005.jpg,si
Casio,Cuero Caballero,MTP-V002BL-2E,"Reloj analógico de diseño clásico con
caja de acero inoxidable y correa de
cuero negra.",340000,340000,/relojes/casio-cuero-cab/p03_i006.jpg,si
Casio,Cuero Caballero,MTP-V002L-5B3,"Reloj analógico de estilo clásico con
caja de acero inoxidable y correa de
cuero marrón.",210000,210000,/relojes/casio-cuero-cab/p04_i008.jpg,si
Casio,Cuero Caballero,MTP-V002L-2B3,"Reloj analógico de estilo clásico con
caja de acero inoxidable y correa de
cuero marrón.",210000,210000,/relojes/casio-cuero-cab/p04_i009.jpg,si
Casio,Cuero Caballero,MTP-V004L-7C,"Reloj analógico con caja plateada de
41 mm, correa de cuero marrón y
esfera blanca con calendario de
fecha.",315000,315000,/relojes/casio-cuero-cab/p05_i010.jpg,si
Casio,Cuero Caballero,MTP-V006L-7C,"Reloj  analógico con caja
plateada de 38 mm, correa de
cuero marrón y esfera blanca
con calendario de día y fecha.",280000,280000,/relojes/casio-cuero-cab/p05_i011.jpg,si
Casio,Cuero Caballero,MTP-V001L-1B,"Reloj analógico con caja plateada de
38 mm, correa de cuero negro y
esfera negra elegante.",245000,245000,/relojes/casio-cuero-cab/p06_i012.jpg,si
Casio,Cuero Caballero,MTP-V005L-7B4,"Reloj analógico con caja plateada
de 41 mm, correa de cuero
marrón y esfera blanca con
números arábigos grandes.",245000,245000,/relojes/casio-cuero-cab/p06_i013.jpg,si
Casio,Cuero Caballero,MTP-VD300L-1E,"Reloj analógico de estilo clásico
con caja de acero inoxidable y
correa de cuero negra.",385000,385000,/relojes/casio-cuero-cab/p07_i014.jpg,si
Casio,Cuero Caballero,MTP-VD200L-1B,"Reloj analógico de estilo clásico con
caja de acero inoxidable y correa de
cuero negra.",360000,360000,/relojes/casio-cuero-cab/p07_i015.jpg,si
Casio,Cuero Caballero,MTP-VD01BL-1B,"Reloj analógico con caja
negra de 45 mm, correa de
cuero y esfera negra con
calendario de fecha.",350000,350000,/relojes/casio-cuero-cab/p08_i016.jpg,si
Casio,Cuero Caballero,MTP-VD03L-1A,"Reloj analógico con caja plateada
de 41 mm, correa de cuero negro y
esfera negra con calendario de
fecha.",350000,350000,/relojes/casio-cuero-cab/p08_i017.jpg,si
Casio,Cuero Caballero,MTP-V005L-2B5,"Reloj de caballero
analógico con caja
plateada de 41 mm, correa
de cuero marron y esfera
azul con números romano
grandes.",195000,195000,/relojes/casio-cuero-cab/p09_i018.jpg,si
Casio,Cuero Caballero,MTP-V006GL-7B,"Reloj de caballero analógico, con
caja dorada de 38 mm, correa de
cuero marrón y esfera blanca con
números romanos, calendario de
día y fecha.",280000,280000,/relojes/casio-cuero-cab/p09_i019.jpg,si
Casio,Cuero Caballero,MTP-1381L-7A,"Reloj analógico con caja
plateada de 40 mm, correa
de cuero marrón tipo
cocodrilo y esfera plateada
con textura radial y
calendario de día y fecha.",350000,350000,/relojes/casio-cuero-cab/p10_i020.jpg,si
Casio,Cuero Caballero,MTP-1302L-7B,"Reloj analógico con caja
plateada de 41 mm, correa
de cuero negro y esfera
blanca con calendario de
fecha.",350000,350000,/relojes/casio-cuero-cab/p10_i021.jpg,si
Casio,Cuero Caballero,MTP-V005L-1B4,"Reloj analógico con caja y correa de acero
inoxidable dorada, esfera blanca con
marcadores dorados y ventana de fecha.",260000,260000,/relojes/casio-cuero-cab/p11_i022.jpg,si
Casio,Cuero Caballero,MTP-V001GL-1B,"Reloj analógico con caja de acero inoxidable, correa
de cuero negra, esfera negra con marcadores
plateados y ventana de fecha.",245000,245000,/relojes/casio-cuero-cab/p11_i023.jpg,si
Casio,Cuero Caballero,MTP-V001GL-7B,"Reloj analógico con caja y correa de acero
inoxidable dorada, esfera negra con marcadores
dorados y ventana de fecha.",245000,245000,/relojes/casio-cuero-cab/p11_i024.jpg,si
Casio,Cuero Caballero,MTP-V001GL-9B,"Reloj analógico con caja y correa de acero
inoxidable dorada, esfera blanca con
marcadores dorados y ventana de fecha.",245000,245000,/relojes/casio-cuero-cab/p11_i025.jpg,si
Casio,Cuero Caballero,MTP-V002L-7B2,"Reloj analógico para caballero con caja de
acero inoxidable y correa de cuero negro.",280000,280000,/relojes/casio-cuero-cab/p12_i026.jpg,si
Casio,Cuero Caballero,MTP-V002L-1B,"Reloj analógico para caballero con caja de
acero inoxidable y correa de cuero negra.",280000,280000,/relojes/casio-cuero-cab/p12_i027.jpg,si
Casio,Cuero Caballero,MTP-V002GL-1B,"Reloj analógico para caballero con caja y
correa de acero inoxidable dorado.",280000,280000,/relojes/casio-cuero-cab/p12_i028.jpg,si
Casio,Cuero Caballero,MTP-VT01L-7B1,"Reloj analógico para caballero con caja de acero
inoxidable y correa de cuero marron.",265000,265000,/relojes/casio-cuero-cab/p13_i029.jpg,si
Casio,Cuero Caballero,MTP-VT01L-3B,"Reloj analógico para caballero con caja de acero
inoxidable y correa de cuero marrón.",280000,280000,/relojes/casio-cuero-cab/p13_i030.jpg,si
Casio,Cuero Caballero,MTP-VT01L-1B,"Reloj analógico para caballero con caja de acero
inoxidable y correa de cuero negra.",285000,285000,/relojes/casio-cuero-cab/p13_i031.jpg,si
Casio,Cuero Caballero,MTP-VT01L-2B2,"Reloj analógico para caballero con caja de
acero inoxidable y correa de cuero marrón.",285000,285000,/relojes/casio-cuero-cab/p14_i033.jpg,si
Casio,Cuero Caballero,MTP-VT01BL-1B,"Reloj analógico para caballero con caja de
acero inoxidable y correa de cuero marrón.",300000,300000,/relojes/casio-cuero-cab/p14_i034.jpg,si
Casio,Cuero Caballero,MTP-VT01GL-1B2,"Reloj analógico para caballero con caja de
acero inoxidable dorado y correa de cuero
negro.",285000,285000,/relojes/casio-cuero-cab/p14_i035.jpg,si
Casio,Cuero Caballero,MTP-V004GL-9A,"Reloj analógico con correa de cuero negro,
caja de acero inoxidable dorada, esfera
blanca con marcadores dorados y ventana
de fecha.",280000,280000,/relojes/casio-cuero-cab/p15_i037.jpg,si
Casio,Cuero Caballero,MTP-V004L-1B,"Reloj analógico para caballero con caja de
acero inoxidable y correa de cuero negra.",260000,260000,/relojes/casio-cuero-cab/p15_i038.jpg,si
Casio,Cuero Caballero,MTP-V004L-1B2,"Reloj analógico para caballero con caja de acero
inoxidable y correa de cuero marron.",280000,280000,/relojes/casio-cuero-cab/p15_i039.jpg,si
Casio,Cuero Dama,LTP-V300L-4A,"Reloj
analógico para dama con caja
de acero inoxidable, correa de
cuero rosa y esfera blanca.",350000,350000,/relojes/casio-cuero-dama/p01_i000.jpg,si
Casio,Cuero Dama,LTP-V300L-1A,"Reloj
analógico para dama con caja
de acero inoxidable, correa de
cuero negra y esfera negra.",350000,350000,/relojes/casio-cuero-dama/p01_i001.jpg,si
Casio,Cuero Dama,LTP-V300L-4A,"Reloj
analógico para dama con caja
de acero inoxidable, correa de
cuero rosa y esfera blanca.",350000,350000,/relojes/casio-cuero-dama/p01_i000.jpg,si
Casio,Cuero Dama,LTP-V300L-1A,"Reloj
analógico para dama con caja
de acero inoxidable, correa de
cuero rosa y esfera blanca.",350000,350000,/relojes/casio-cuero-dama/p01_i000.jpg,si
Casio,Cuero Dama,LTP-V004L-1A,,220000,220000,/relojes/casio-cuero-dama/p02_i002.jpg,si
Casio,Cuero Dama,LTP-V004L-7A,,230000,230000,/relojes/casio-cuero-dama/p02_i003.jpg,si
Casio,Cuero Dama,LTP-V004L-1B,,220000,220000,/relojes/casio-cuero-dama/p02_i004.jpg,si
Casio,Cuero Dama,LTP-V002GL-7B,,220000,220000,/relojes/casio-cuero-dama/p03_i006.jpg,si
Casio,Cuero Dama,LTP-V002L-7B,,220000,220000,/relojes/casio-cuero-dama/p03_i007.jpg,si
Casio,Cuero Dama,LTP-V002GL-9B,,220000,220000,/relojes/casio-cuero-dama/p03_i008.jpg,si
Casio,Cuero Dama,LTP-V001L-1B,,220000,220000,/relojes/casio-cuero-dama/p04_i009.jpg,si
Casio,Cuero Dama,LTP-V001GL-1B,,225000,225000,/relojes/casio-cuero-dama/p04_i010.jpg,si
Casio,Cuero Dama,LTP-V001L-1B,,220000,220000,/relojes/casio-cuero-dama/p04_i009.jpg,si
Casio,Cuero Dama,LTP-V001GL-1B,,220000,220000,/relojes/casio-cuero-dama/p04_i009.jpg,si
Casio,Cuero Dama,LTP-V005L-7B3,"El Casio LTP-V005L-7B3 es un reloj
femenino de cuarzo con caja de
acero inoxidable, correa de cuero
negro y esfera blanca con
marcadores plateados y fecha,
cristal mineral, tres agujas, ligero y
resistente al agua para uso diario.",210000,210000,/relojes/casio-cuero-dama/p05_i011.jpg,si
Casio,Cuero Dama,LTP-V005L-2B,"El Casio LTP-V005L-2B es un reloj
femenino de cuarzo con caja de
acero inoxidable, correa de cuero
negro y esfera azul con marcadores
plateados y fecha, cristal mineral,
tres agujas, ligero y resistente al
agua para uso diario.",210000,210000,/relojes/casio-cuero-dama/p05_i012.jpg,si
Casio,Cuero Dama,LTP-V005L-7B3,"El Casio LTP-V005L-7B3 es un reloj
femenino de cuarzo con caja de
acero inoxidable, correa de cuero
negro y esfera blanca con
marcadores plateados y fecha,
cristal mineral, tres agujas, ligero y
resistente al agua para uso diario.",210000,210000,/relojes/casio-cuero-dama/p05_i011.jpg,si
Casio,Cuero Dama,LTP-V005L-2B,"El Casio LTP-V005L-7B3 es un reloj
femenino de cuarzo con caja de
acero inoxidable, correa de cuero
negro y esfera blanca con
marcadores plateados y fecha,
cristal mineral, tres agujas, ligero y
resistente al agua para uso diario.",210000,210000,/relojes/casio-cuero-dama/p05_i011.jpg,si
Casio,Cuero Dama,LTP-V002L-1B3,"El Casio LTP-V002L-1B3 es un
reloj femenino de cuarzo con
caja de acero inoxidable, correa
de cuero negro y esfera negra
con números grandes y fecha,
cristal mineral, tres agujas,
ligero y resistente al agua para
uso diario.",230000,230000,/relojes/casio-cuero-dama/p06_i013.jpg,si
Casio,Cuero Dama,LTP-V002GL-7B3,"El Casio LTP-V002GL-7B3 es un
reloj femenino de cuarzo con caja
dorada, correa de cuero marrón y
esfera blanca con números
grandes y fecha, cristal mineral,
tres agujas, ligero y resistente al
agua para uso diario.",230000,230000,/relojes/casio-cuero-dama/p06_i014.jpg,si
Casio,Cuero Dama,LTP-V002L-1B3,"El Casio LTP-V002L-1B3 es un
reloj femenino de cuarzo con
caja de acero inoxidable, correa
de cuero negro y esfera negra
con números grandes y fecha,
cristal mineral, tres agujas,
ligero y resistente al agua para
uso diario.",230000,230000,/relojes/casio-cuero-dama/p06_i015.jpg,si
Casio,Cuero Dama,LTP-V002GL-7B3,"El Casio LTP-V002L-1B3 es un
reloj femenino de cuarzo con
caja de acero inoxidable, correa
de cuero negro y esfera negra
con números grandes y fecha,
cristal mineral, tres agujas,
ligero y resistente al agua para
uso diario.",230000,230000,/relojes/casio-cuero-dama/p06_i013.jpg,si
Casio,Cuero Dama,LTP-V002GL-7B3,"El Casio LTP-V002GL-7B3 es un
reloj femenino de cuarzo con caja
dorada, correa de cuero marrón y
esfera blanca con números
grandes y fecha, cristal mineral,
tres agujas, ligero y resistente al
agua para uso diario.",210000,210000,/relojes/casio-cuero-dama/p07_i016.jpg,si
Casio,Cuero Dama,LTP-V005L-1B,"El Casio LTP-V005L-1B es un
reloj femenino de cuarzo con caja
de acero inoxidable, correa de
cuero negro y esfera negra con
marcadores plateados y fecha,
cristal mineral, tres agujas, ligero
y resistente al agua para uso
diario.",210000,210000,/relojes/casio-cuero-dama/p07_i017.jpg,si
Casio,Cuero Dama,LTP-V005L-7B,"El Casio LTP-V002GL-7B3 es un
reloj femenino de cuarzo con caja
dorada, correa de cuero marrón y
esfera blanca con números
grandes y fecha, cristal mineral,
tres agujas, ligero y resistente al
agua para uso diario.",210000,210000,/relojes/casio-cuero-dama/p07_i016.jpg,si
Casio,Cuero Dama,LTP-V005L-1B,"El Casio LTP-V002GL-7B3 es un
reloj femenino de cuarzo con caja
dorada, correa de cuero marrón y
esfera blanca con números
grandes y fecha, cristal mineral,
tres agujas, ligero y resistente al
agua para uso diario.",210000,210000,/relojes/casio-cuero-dama/p07_i016.jpg,si
Casio,Cuero Dama,LTP-VT01GL-4B,"El Casio LTP-VT01GL-4B es un
reloj femenino de cuarzo con caja
dorada, correa de cuero marrón y
esfera rosada minimalista con
marcadores dorados, cristal
mineral, tres agujas, ligero y
resistente al agua para uso diario.",315000,315000,/relojes/casio-cuero-dama/p08_i018.jpg,si
Casio,Cuero Dama,LTP-VT02BL-2A,"El Casio LTP-VT02BL-2A es un
reloj femenino de cuarzo con caja
de acero inoxidable, correa de
cuero azul y esfera azul
minimalista con marcadores
plateados, cristal mineral, tres
agujas, ligero y resistente al agua
para uso diario
LTP-VT01GL-4B
LTP-VT02BL-2A
Precio: 315.",315000,315000,/relojes/casio-cuero-dama/p08_i019.jpg,si
Casio,Cuero Dama,LTP-VT01GL-4B,"El Casio LTP-VT01GL-4B es un
reloj femenino de cuarzo con caja
dorada, correa de cuero marrón y
esfera rosada minimalista con
marcadores dorados, cristal
mineral, tres agujas, ligero y
resistente al agua para uso diario.",315000,315000,/relojes/casio-cuero-dama/p08_i018.jpg,si
Casio,Cuero Dama,LTP-VT02BL-2A,"El Casio LTP-VT01GL-4B es un
reloj femenino de cuarzo con caja
dorada, correa de cuero marrón y
esfera rosada minimalista con
marcadores dorados, cristal
mineral, tres agujas, ligero y
resistente al agua para uso diario.",315000,315000,/relojes/casio-cuero-dama/p08_i018.jpg,si
Casio,Cuero Dama,LTP-V006GL-9B,"Reloj analógico de acero inoxidable,
resistente al agua y con función de doble
calendario.",210000,210000,/relojes/casio-cuero-dama/p09_i020.jpg,si
Casio,Cuero Dama,LTP-V002L-1B,"Reloj analógico de acero inoxidable,
resistente al agua y con función de doble
calendario.",220000,220000,/relojes/casio-cuero-dama/p09_i021.jpg,si
Casio,Cuero Dama,LTP-V005L-1A,"Reloj analógico de acero inoxidable,
resistente al agua y con función de doble
calendario.",245000,245000,/relojes/casio-cuero-dama/p09_i022.jpg,si
Casio,Cuero Dama,LTP-V002L-1A,"Reloj analógico de acero inoxidable,
resistente al agua y con función de doble
calendario.",220000,220000,/relojes/casio-cuero-dama/p09_i023.jpg,si
Casio,Cuero Dama,LTP-V007L-9E,"Reloj de dama analógico
con caja dorada
rectangular de 22 mm,
correa de cuero marrón y
esfera dorada con números
romanos.",225000,225000,/relojes/casio-cuero-dama/p10_i024.jpg,si
Casio,Cuero Dama,LTP-V007L-7E2,"Reloj de dama analógico
con caja dorada
rectangular de 22 mm,
correa de cuero marrón y
esfera dorada con números
romanos.",225000,225000,/relojes/casio-cuero-dama/p10_i025.jpg,si
Casio,Deportivo Caballero,MTP-1335D-2A,,280000,280000,/relojes/casio-deportivo/p02_i003.jpg,si
Casio,Deportivo Caballero,AE-1300WH-1A2,,280000,280000,/relojes/casio-deportivo/p02_i004.jpg,si
Casio,Deportivo Caballero,AE-1300WH-4A,,280000,280000,/relojes/casio-deportivo/p02_i005.jpg,si
Casio,Deportivo Caballero,AE-1300WH-8A,,280000,280000,/relojes/casio-deportivo/p02_i006.jpg,si
Casio,Deportivo Caballero,AE-1300WH-2A,,280000,280000,/relojes/casio-deportivo/p02_i003.jpg,si
Casio,Deportivo Caballero,AE-1300WH-1A,,280000,280000,/relojes/casio-deportivo/p02_i003.jpg,si
Casio,Deportivo Caballero,AE-1200WHB-1B,,315000,315000,/relojes/casio-deportivo/p06_i017.jpg,si
Casio,Deportivo Caballero,AE-1200WHB-3B,,315000,315000,/relojes/casio-deportivo/p06_i018.jpg,si
Casio,Deportivo Caballero,AE-1500WH-1A,,340000,340000,/relojes/casio-deportivo/p08_i021.jpg,si
Casio,Deportivo Caballero,AE-1500WHX-3A,,340000,340000,/relojes/casio-deportivo/p08_i022.jpg,si
Casio,Deportivo Caballero,AE-1500WH-8B,,340000,340000,/relojes/casio-deportivo/p09_i023.jpg,si
Casio,Deportivo Caballero,AE-1500WH-2A,,340000,340000,/relojes/casio-deportivo/p09_i024.jpg,si
Casio,Deportivo Caballero,AW-48HE-7A,"Reloj analógico-digital con
diseño clásico y funcional.",195000,195000,/relojes/casio-deportivo/p11_i027.jpg,si
Casio,Deportivo Caballero,AW-48HE-8A,"Reloj analógico-digital con caja y correa
de resina negra.",195000,195000,/relojes/casio-deportivo/p11_i028.jpg,si
Casio,Deportivo Caballero,HDC-700-3AV,,420000,420000,/relojes/casio-deportivo/p12_i029.jpg,si
Casio,Deportivo Caballero,HDC-700-3A3,,420000,420000,/relojes/casio-deportivo/p13_i031.jpg,si
Casio,Deportivo Caballero,HDC-700-3A2,,420000,420000,/relojes/casio-deportivo/p14_i033.jpg,si
Casio,Edifice,EFR-571D-1A,"Reloj con cronógrafo de acero
inoxidable con estilo deportivo y
elegante.",910000,910000,/relojes/casio-edifice/p01_i000.jpg,si
Casio,Edifice,EFV-C110D-2A,,875000,875000,/relojes/casio-edifice/p02_i002.jpg,si
Casio,Edifice,EF-558D-1A,"Reloj con cronógrafo de acero
inoxidable con diseño imponente y
deportivo.",1050000,1050000,/relojes/casio-edifice/p03_i004.jpg,si
Casio,Edifice,EFV-C120D-1A4,,875000,875000,/relojes/casio-edifice/p04_i006.jpg,si
Casio,Edifice,EFV-650D-3A,,840000,840000,/relojes/casio-edifice/p05_i008.jpg,si
Casio,Edifice,EFV-C100L-1A,,875000,875000,/relojes/casio-edifice/p06_i010.jpg,si
Casio,Edifice,EFR-552L-5A,,875000,875000,/relojes/casio-edifice/p07_i012.jpg,si
Casio,Edifice,EFR-526L-1A,"Reloj con cronógrafo clásico y
elegante con caja de acero
inoxidable y correa de cuero
negro.",840000,840000,/relojes/casio-edifice/p08_i014.jpg,si
Casio,Edifice,EF-539D-1A2,"Reloj con cronógrafo de acero
inoxidable con diseño imponente y
deportivo.",910000,910000,/relojes/casio-edifice/p09_i016.jpg,si
Casio,Edifice,EF-556SG-7A,,1120000,1120000,/relojes/casio-edifice/p10_i018.jpg,si
Casio,Edifice,EFV-620D-2A,"Reloj con ronógrafo de acero
inoxidable con caja de 55 mm,
esfera azul con detalles plateados
y subesferas dinámicas.",875000,875000,/relojes/casio-edifice/p11_i020.jpg,si
Casio,Edifice,EF-556D-1,,1015000,1015000,/relojes/casio-edifice/p12_i022.jpg,si
Casio,Edifice,EFV-C100D-1B,"Reloj analógico-digital con caja de
51.",875000,875000,/relojes/casio-edifice/p13_i024.jpg,si
Casio,Edifice,EFV-100D-2A,,630000,630000,/relojes/casio-edifice/p14_i026.jpg,si
Casio,Edifice,EFV-C120D-2A,,875000,875000,/relojes/casio-edifice/p15_i028.jpg,si
Casio,Edifice,EFV-610DE-2A,,875000,875000,/relojes/casio-edifice/p16_i031.jpg,si
Casio,Edifice,EF-539D-7A2,,700000,700000,/relojes/casio-edifice/p17_i033.jpg,si
Casio,Edifice,EFV-610D-1A,,875000,875000,/relojes/casio-edifice/p18_i035.jpg,si
Casio,Edifice,EFR-526D-1A,,700000,700000,/relojes/casio-edifice/p19_i037.jpg,si
Casio,Edifice,EF-544D-7A,,665000,665000,/relojes/casio-edifice/p20_i039.jpg,si
Casio,Edifice,EF-544D-1A,,665000,665000,/relojes/casio-edifice/p21_i041.jpg,si
Casio,Edifice,EFV-640DC-3A,,875000,875000,/relojes/casio-edifice/p22_i043.jpg,si
Casio,Edifice,EFV-640DC-1AV,"Reloj con cronógrafo elegante y
moderno que combina caja y
brazalete de acero inoxidable con
acabado ionizado negro, junto a
una esfera negra sobria y
sofisticada.",875000,875000,/relojes/casio-edifice/p23_i045.jpg,si
Casio,Edifice,EFR-542BK-1A,,1365000,1365000,/relojes/casio-edifice/p24_i047.jpg,si
Casio,Edifice,EFV-610D-3C,"Reloj con cronógrafo elegante y
deportivo que combina caja y
brazalete de acero inoxidable
plateado con una esfera verde
intensa, aportando un estilo
moderno y distintivo.",700000,700000,/relojes/casio-edifice/p25_i049.jpg,si
Casio,Edifice,EFR-539D-1A2,"Reloj con ronógrafo imponente y
deportivo que combina caja y
brazalete de acero inoxidable
plateado con una esfera negra de
gran tamaño, destacada por
detalles en azul que aportan
dinamismo y estilo.",910000,910000,/relojes/casio-edifice/p26_i051.jpg,si
Casio,Edifice,EF-548D-2AV,,735000,735000,/relojes/casio-edifice/p27_i053.jpg,si
Casio,Edifice,EFV-600D-3C,"Reloj con cronógrafo elegante y
moderno que combina caja y
brazalete de acero inoxidable
plateado con una esfera verde
intensa, aportando un estilo
distintivo y sofisticado.",700000,700000,/relojes/casio-edifice/p28_i055.jpg,si
Casio,Edifice,EFV-540D-2A,,700000,700000,/relojes/casio-edifice/p29_i057.jpg,si
Casio,G-Shock,DW-5610UU-3D,,770000,770000,/relojes/casio-gshock/p01_i000.jpg,si
Casio,G-Shock,GA-110HR-1A,,875000,875000,/relojes/casio-gshock/p02_i002.jpg,si
Casio,G-Shock,GBA-900UU-3A,,910000,910000,/relojes/casio-gshock/p03_i004.jpg,si
Casio,G-Shock,DW-5600UBB-1D,,770000,770000,/relojes/casio-gshock/p04_i006.jpg,si
Casio,G-Shock,DWE-5657RE-1D,,1050000,1050000,/relojes/casio-gshock/p05_i008.jpg,si
Casio,G-Shock,GBM-2100-1A,,1750000,1750000,/relojes/casio-gshock/p06_i010.jpg,si
Casio,G-Shock,GA-120TR-1A,,940000,940000,/relojes/casio-gshock/p07_i012.jpg,si
Casio,G-Shock,GA-100-1A4,,825000,825000,/relojes/casio-gshock/p08_i014.jpg,si
Casio,G-Shock,GA-100CM-4A,,1050000,1050000,/relojes/casio-gshock/p09_i016.jpg,si
Casio,G-Shock,GA-110SL-3AE,,1010000,1010000,/relojes/casio-gshock/p10_i018.jpg,si
Casio,G-Shock,GA-110RD-4A,,900000,900000,/relojes/casio-gshock/p13_i024.jpg,si
Casio,G-Shock,GA-110NM-4A,,900000,900000,/relojes/casio-gshock/p14_i026.jpg,si
Casio,G-Shock,GA-110NM-2A,,900000,900000,/relojes/casio-gshock/p15_i028.jpg,si
Casio,G-Shock,GA-110TU-1A5,,900000,900000,/relojes/casio-gshock/p16_i030.jpg,si
Casio,G-Shock,DW-6900TU-1A5,,750000,750000,/relojes/casio-gshock/p17_i032.jpg,si
Casio,G-Shock,GA-400GB-1A,,940000,940000,/relojes/casio-gshock/p18_i034.jpg,si
Casio,G-Shock,GA-110HC-1A,,975000,975000,/relojes/casio-gshock/p19_i036.jpg,si
Casio,G-Shock,GA-110-1A,,940000,940000,/relojes/casio-gshock/p20_i038.jpg,si
Casio,G-Shock,GD-100-1A,,975000,975000,/relojes/casio-gshock/p21_i040.jpg,si
Citizen,Caballero,BI1054-12E,"Reloj de caballero con caja de
acero inoxidable en acabado
bicolor dorado y plateado, esfera
negra con índices dorados y
fechador a las 3, movimiento de
cuarzo japonés y cristal mineral
resistente.",770000,770000,/relojes/citizen-cab/p01_i000.jpg,si
Citizen,Caballero,BF2013-56E,,770000,770000,/relojes/citizen-cab/p02_i002.jpg,si
Citizen,Caballero,BI5000-52L,"Reloj de caballero en acero
inoxidable con acabado plateado,
esfera azul con índices plateados y
fechador a las 3, movimiento de
cuarzo japonés y cristal mineral
resistente.",665000,665000,/relojes/citizen-cab/p03_i004.jpg,si
Citizen,Caballero,BI5000-87A,"Reloj de caballero en acero
inoxidable con acabado plateado,
esfera blanca con índices
plateados y fechador a las 3,
movimiento de cuarzo japonés y
cristal mineral resistente.",665000,665000,/relojes/citizen-cab/p04_i006.jpg,si
Citizen,Caballero,BI5000-87E,"Reloj de caballero en acero
inoxidable con acabado plateado,
esfera negra con índices plateados
y fechador a las 3, movimiento de
cuarzo japonés y cristal mineral
resistente.",665000,665000,/relojes/citizen-cab/p05_i008.jpg,si
Citizen,Caballero,BI5000-52B,"Reloj de caballero en acero
inoxidable con acabado plateado
uniforme, esfera clara con
fechador a las 3, movimiento de
cuarzo japonés y cristal mineral
resistente.",665000,665000,/relojes/citizen-cab/p06_i010.jpg,si
Citizen,Dama,EQ0530-51N,"Reloj de dama analógico con
caja y brazalete de acero
inoxidable de 26 mm, esfera
azul madre perla con calendario
de día y fecha.",770000,770000,/relojes/citizen-dama/p01_i000.jpg,si
Citizen,Dama,EU6060-55D,"Reloj de dama analógico con
caja y brazalete de acero
inoxidable de 26 mm, esfera
nácar con calendario de fecha.",770000,770000,/relojes/citizen-dama/p02_i002.jpg,si
Citizen,Dama,EU6062-50D,"Reloj de dama analógico con
caja y brazalete dorados de 28
mm, esfera madre perla y bisel
con cristales Swarovski.",840000,840000,/relojes/citizen-dama/p03_i004.jpg,si
Citizen,Dama,EU6062-50P,"Reloj de dama analógico con
caja y brazalete dorados de 26
mm, esfera madre perla y bisel
con cristales Swarovski.",840000,840000,/relojes/citizen-dama/p04_i006.jpg,si
Citizen,Dama,EQ0608-55A,"Reloj de dama analógico con
caja de acero inoxidable de
28 mm y brazalete
combinado en acero
plateado y dorado, esfera
blanca con calendario de
fecha.",735000,735000,/relojes/citizen-dama/p05_i008.jpg,si
Citizen,Dama,EQ0603-59P,"Reloj de dama analógico con
caja dorada de 28 mm,
brazalete dorado de acero
inoxidable y esfera dorada
con calendario de fecha.",735000,735000,/relojes/citizen-dama/p06_i010.jpg,si
Citizen,Dama,EQ0603-59F,"Reloj de dama analógico con
caja dorada de 28 mm,
brazalete dorado de acero
inoxidable y esfera negra con
calendario de fecha.",735000,735000,/relojes/citizen-dama/p07_i012.jpg,si
Citizen,Dama,EU6072-56D,"Reloj de dama analógico con
caja y brazalete dorados de 28
mm, esfera madre perla con
calendario de fecha.",735000,735000,/relojes/citizen-dama/p08_i014.jpg,si
Orient,Caballero,FAB05003C9,"Reloj de caballero en acero
inoxidable con acabado plateado,
esfera champagne con índices
dorados y fechador a las 3,
movimiento automático japonés y
cristal mineral resistente.",770000,770000,/relojes/orient/p01_i000.jpg,si
Orient,Caballero,FAB00002B9,"Reloj de caballero en acero
inoxidable con acabado plateado,
esfera negra con índices plateados
y dorados, además de fechador a
las 3, movimiento automático
japonés y cristal mineral
resistente.",770000,770000,/relojes/orient/p02_i002.jpg,si
Orient,Caballero,FAB0000CB9,"Reloj de caballero en acero
inoxidable con acabado plateado,
esfera azul con índices plateados y
dorados, además de fechador a las
3, movimiento automático japonés
y cristal mineral resistente.",770000,770000,/relojes/orient/p03_i004.jpg,si
Orient,Caballero,FAB00002WE,"Reloj de caballero en acero
inoxidable con acabado plateado,
esfera blanca con índices
plateados y dorados, además de
fechador a las 3, movimiento
automático japonés y cristal
mineral resistente.",770000,770000,/relojes/orient/p04_i006.jpg,si
Seiko,5 Caballero,SNKL43K1,"El Seiko 5 plateado es un reloj
automático japonés con
movimiento de 21 rubí, caja de 37 -
38mmy brazalete de acero
inoxidable en acabado plateado, cr,
calendario día y fecha en dos
idiomas, resistencia al agua de 30
m y tapa trasera transparente que
deja ver el mecanismo,
combinando elegancia clásica con
la fiabilidad mecánica
característica de la línea Seiko 5.",1350000,1350000,/relojes/seiko/p01_i000.jpg,si
Seiko,5 Caballero,SNKL83K1,"El Seiko 5 plateado es un reloj
automático japonés con
movimiento de 21 rubí, caja y
brazalete de acero inoxidable en
acabado plateado, cristal Hardlex,
calendario día y fecha en dos
idiomas, resistencia al agua de 30
m y tapa trasera transparente que
deja ver el mecanismo,
combinando elegancia clásica con
la fiabilidad mecánica
característica de la línea Seiko 5.",1350000,1350000,/relojes/seiko/p02_i002.jpg,si
Seiko,5 Caballero,SNKL19K1,"Reloj automático con caja de acero
inoxidable de 37 mm de diámetro,
brazalete metálico de acero
inoxidable de 18 mm de ancho,
esfera gris con agujas y
marcadores dorados
luminiscentes, ventana de día y
fecha a las 3, cristal Hardlex y
calibre 7S26 con 21 joyas.",1350000,1350000,/relojes/seiko/p03_i004.jpg,si
Seiko,5 Caballero,SNKK11K1,"Reloj automático con caja de
acero inoxidable de 38 mm de
diámetro, brazalete metálico de 20
mm de ancho, esfera azul sunburst
con agujas y marcadores dorados
luminiscentes, ventana de día y
fecha a las 3, cristal Hardlex,
calibre 7S26 con 21 joyas y fondo
transparente que muestra el
mecanismo.",1350000,1350000,/relojes/seiko/p04_i006.jpg,si
Seiko,5 Caballero,SNKE51K1,"Reloj automático con caja de acero
inoxidable de 37 mm de diámetro,
brazalete metálico de 18 mm de
ancho, esfera azul y marcadores
plateados luminiscentes, ventana
de día y fecha a las 3, cristal
Hardlex, movimiento automatico 21
rubis y fondo transparente que
permite ver el mecanismo.",1350000,1350000,/relojes/seiko/p05_i008.jpg,si
Seiko,5 Caballero,SNK615K1,"Reloj caja de acero inoxidable de
37 mm de diámetro, brazalete
metálico de 18 mm de ancho,
esfera azul sunburst con agujas y
marcadores dorados
luminiscentes, ventana de día y
fecha a las 3, cristal Hardlex,
calibre 7S26 con 21 joyas y fondo
transparente que permite ver el
mecanismo.",1350000,1350000,/relojes/seiko/p06_i010.jpg,si
Seiko,5 Caballero,SNKK17K1,"Reloj automático con caja de acero
inoxidable de 38 mm de diámetro,
brazalete metálico de 20 mm de
ancho, esfera negra sunburst con
agujas y marcadores dorados
luminiscentes, ventana de día y
fecha a las 3, cristal Hardlex,
calibre 7S26 con 21 joyas y fondo
transparente que permite ver el
mecanismo.",1350000,1350000,/relojes/seiko/p07_i012.jpg,si
Seiko,5 Caballero,SNKK25K1,"Reloj automático con caja de acero
inoxidable de 38 mm de diámetro,
brazalete metálico de 20 mm de
ancho, esfera blanca sunburst con
detalles en gris y rojo, agujas y
marcadores plateados
luminiscentes, ventana de día y
fecha a las 3, cristal Hardlex,
calibre 7S26 con 21 joyas y fondo
transparente que permite ver el
mecanismo.",1350000,1350000,/relojes/seiko/p08_i014.jpg,si
Seiko,5 Caballero,SNKK31K1,"Reloj Automático con caja de
acero inoxidable de 38 mm,
brazalete metálico de 20 mm,
esfera negra con detalles en rojo,
agujas y marcadores plateados
luminiscentes, ventana de día y
fecha a las 3, cristal Hardlex,
calibre 7S26 con 21 joyas y fondo
transparente.",1350000,1350000,/relojes/seiko/p09_i016.jpg,si
Seiko,5 Caballero,SNKK67K1,"Reloj  con caja de acero inoxidable
de 38 mm de diámetro y 12 mm de
grosor, brazalete metálico de 17–
20 mm de ancho, esfera gris con
detalles dorados, agujas y
marcadores luminosos, ventana de
día y fecha a las 3, corona a las 4,
cristal Hardlex, calibre 7S26 con 21
joyas y fondo transparente que
muestra el mecanismo.",1350000,1350000,/relojes/seiko/p10_i018.jpg,si
Seiko,5 Caballero,SNKK13K1,,1350000,1350000,/relojes/seiko/p11_i020.jpg,si
Seiko,5 Caballero,SNKK27K1,,1350000,1350000,/relojes/seiko/p12_i022.jpg,si
Seiko,5 Caballero,SNKL81K1,,1350000,1350000,/relojes/seiko/p13_i024.jpg,si
Seiko,5 Caballero,SNKL86K1,"El Seiko 5 dorado es un reloj
automático japonés con
movimiento de 21 rubí, caja y
brazalete de acero inoxidable en
acabado dorado, cristal Hardlex,
calendario día y fecha en dos
idiomas, resistencia al agua de 30
m y tapa trasera transparente que
deja ver el mecanismo,
combinando elegancia clásica con
la fiabilidad mecánica
característica de la línea Seiko 5.",1680000,1680000,/relojes/seiko/p15_i028.jpg,si
Seiko,5 Caballero,SNKK22K1,"El Seiko 5 dorado es un reloj
automático japonés con
movimiento de 21 rubí, caja y
brazalete de acero inoxidable en
acabado dorado, cristal Hardlex,
calendario día y fecha en dos
idiomas, resistencia al agua de 30
m y tapa trasera transparente que
deja ver el mecanismo,
combinando elegancia clásica con
la fiabilidad mecánica
característica de la línea Seiko 5.",1680000,1680000,/relojes/seiko/p16_i030.jpg,si
Seiko,5 Caballero,SNKK86K1,"El Seiko 5 dorado es un reloj
automático japonés con
movimiento de 21 rubí, caja y
brazalete de acero inoxidable en
acabado dorado, cristal Hardlex,
calendario día y fecha en dos
idiomas, resistencia al agua de 30
m y tapa trasera transparente que
deja ver el mecanismo,
combinando elegancia clásica con
la fiabilidad mecánica
característica de la línea Seiko 5.",1680000,1680000,/relojes/seiko/p17_i032.jpg,si
Seiko,5 Caballero,SNKL40K1,"El Seiko 5 dorado es un reloj
automático japonés con
movimiento de 21 rubí, caja y
brazalete de acero inoxidable en
acabado dorado, cristal Hardlex,
calendario día y fecha en dos
idiomas, resistencia al agua de 30
m y tapa trasera transparente que
deja ver el mecanismo,
combinando elegancia clásica con
la fiabilidad mecánica
característica de la línea Seiko 5.",1680000,1680000,/relojes/seiko/p18_i034.jpg,si
Seiko,5 Caballero,SNKE56K1,"El Seiko 5 dorado es un reloj
automático japonés con
movimiento de 21 rubí, caja y
brazalete de acero inoxidable en
acabado dorado, cristal Hardlex,
calendario día y fecha en dos
idiomas, resistencia al agua de 30
m y tapa trasera transparente que
deja ver el mecanismo,
combinando elegancia clásica con
la fiabilidad mecánica
característica de la línea Seiko 5.",1680000,1680000,/relojes/seiko/p19_i036.jpg,si
Seiko,5 Caballero,SNKK76K1,"El Seiko 5 dorado es un reloj
automático japonés con
movimiento de 21 rubí, caja y
brazalete de acero inoxidable en
acabado dorado, cristal Hardlex,
calendario día y fecha en dos
idiomas, resistencia al agua de 30
m y tapa trasera transparente que
deja ver el mecanismo,
combinando elegancia clásica con
la fiabilidad mecánica
característica de la línea Seiko 5.",1680000,1680000,/relojes/seiko/p20_i038.jpg,si
Seiko,5 Caballero,SNKK74K1,"El Seiko 5 dorado es un reloj
automático japonés con
movimiento de 21 rubí, caja y
brazalete de acero inoxidable en
acabado dorado, cristal Hardlex,
calendario día y fecha en dos
idiomas, resistencia al agua de 30
m y tapa trasera transparente que
deja ver el mecanismo,
combinando elegancia clásica con
la fiabilidad mecánica
característica de la línea Seiko 5.",1680000,1680000,/relojes/seiko/p21_i040.jpg,si
Seiko,5 Caballero,SNXS80K,"El Seiko 5 dorado es un reloj
automático japonés con
movimiento de 21 rubí, caja y
brazalete de acero inoxidable en
acabado dorado, cristal Hardlex,
calendario día y fecha en dos
idiomas, resistencia al agua de 30
m y tapa trasera transparente que
deja ver el mecanismo,
combinando elegancia clásica con
la fiabilidad mecánica
característica de la línea Seiko 5.",1680000,1680000,/relojes/seiko/p22_i042.jpg,si
Seiko,5 Caballero,SNKK74K1,"El Seiko 5 dorado es un reloj
automático japonés con
movimiento de 21 rubí, caja y
brazalete de acero inoxidable en
acabado dorado, cristal Hardlex,
calendario día y fecha en dos
idiomas, resistencia al agua de 30
m y tapa trasera transparente que
deja ver el mecanismo,
combinando elegancia clásica con
la fiabilidad mecánica
característica de la línea Seiko 5.",1680000,1680000,/relojes/seiko/p23_i044.jpg,si
Seiko,5 Caballero,SNKK74K1,"El Seiko 5 dorado es un reloj
automático japonés con
movimiento de 21 rubí, caja y
brazalete de acero inoxidable en
acabado dorado, cristal Hardlex,
calendario día y fecha en dos
idiomas, resistencia al agua de 30
m y tapa trasera transparente que
deja ver el mecanismo,
combinando elegancia clásica con
la fiabilidad mecánica
característica de la línea Seiko 5.",1680000,1680000,/relojes/seiko/p24_i046.jpg,si
